dbn,school_name,latitude,longitude,finalgrades
11X253,Bronx High School for Writing and Communication Arts,40.875953,-73.86197,9 to 12
03M299,The Maxine Greene High School for Imaginative Inquiry,40.774351,-73.984753,9 to 12
27Q314,Epic High School - South,40.675771,-73.816938,9 to 12
09X231,Eagle Academy for Young Men,40.844958,-73.89705,6 to 12
06M462,The College Academy,40.855855,-73.92712,9 to 12
25Q263,Flushing International High School,40.759844,-73.820548,9 to 12
24Q296,Pan American International High School,40.74373,-73.870642,9 to 12
15K464,Park Slope Collegiate,40.669629,-73.979287,6 to 12
14K474,PROGRESS High School for Professional Careers,40.712184,-73.939722,9 to 12
01M292,Orchard Collegiate Academy,40.713684,-73.986336,9 to 12
05M148,Eagle Academy for Young Men of Harlem,40.817372,-73.947712,6 to 12
25Q525,Townsend Harris High School,40.73439,-73.821392,9 to 12
30Q580,Baccalaureate School for Global Education,40.755366,-73.927169,7 to 12
10X353,World View High School,40.882178,-73.88691,9 to 12
07X522,Bronx Design and Construction Academy,40.818232,-73.919867,9 to 12
13K265,Dr. Susan S. McKinney Secondary School of the Arts,40.696324,-73.97578,6 to 12
18K563,It Takes a Village Academy,40.648657,-73.922171,9 to 12
21K348,High School of Sports Management,40.594291,-73.98577,9 to 12
01M696,Bard High School Early College,40.719029,-73.975891,9 to 12
07X670,Health Opportunities High School,40.815938,-73.930386,9 to 12
15K462,John Jay School for Law,40.669629,-73.979287,9 to 12
28Q350,Jamaica Gateway to the Sciences,40.713218,-73.797237,9 to 12
17K546,High School for Public Service: Heroes of Tomorrow,40.658893,-73.942458,9 to 12
11X544,High School for Contemporary Arts,40.875953,-73.86197,9 to 12
02M280,Manhattan Early College School for Advertising,40.711442,-74.000851,9 to 14
28Q687,Queens High School for the Sciences at York College,40.701049,-73.798151,9 to 12
28Q686,Queens Metropolitan High School,40.711367,-73.856698,9 to 12
02M542,Manhattan Bridges High School,40.76525,-73.993105,9 to 12
09X260,Bronx Center for Science and Mathematics,40.833665,-73.902499,9 to 12
24Q560,"Robert F. Wagner, Jr. Secondary School for Arts and Technology",40.742839,-73.936782,6 to 12
09X413,Bronx High School for Medical Science,40.840422,-73.91091,6 to 12
10X434,Belmont Preparatory High School,40.860043,-73.888267,9 to 12
30Q501,Frank Sinatra School of the Arts High School,40.756534,-73.925121,9 to 12
10X565,High School for Energy and Technology,40.855698,-73.882715,9 to 12
02M438,International High School at Union Square,40.735494,-73.987659,9 to 12
31R460,Susan E. Wagner High School,40.596803,-74.124227,9 to 12
02M393,Business of Sports School,40.76337,-73.9906,9 to 12
09X252,Mott Hall Bronx High School,40.839244,-73.901316,9 to 12
19K422,Spring Creek Community School,40.657434,-73.874734,6 to 12
20K445,New Utrecht High School,40.613262,-74.003404,9 to 12
22K535,Leon M. Goldstein High School for the Sciences,40.580894,-73.935952,9 to 12
02M422,Quest to Learn,40.742867,-74.002136,6 to 12
02M399,The High School for Language and Diplomacy,40.735494,-73.987659,9 to 12
16K498,Brooklyn High School for Law and Technology,40.688831,-73.920906,9 to 12
29Q248,Queens Preparatory Academy,40.668235,-73.756839,9 to 12
02M529,Jacqueline Kennedy Onassis High School,40.757729,-73.983078,9 to 12
02M296,High School of Hospitality Management,40.76525,-73.993105,9 to 12
10X549,Discovery High School,40.870293,-73.898309,9 to 12
27Q480,John Adams High School,40.679639,-73.837298,9 to 12
07X334,International Community High School,40.81004,-73.917792,9 to 12
08X320,Pelham Lab High School,40.840702,-73.838545,9 to 12
25Q240,Veritas Academy,40.765166,-73.82789,9 to 12
26Q435,Martin Van Buren High School,40.733066,-73.738756,9 to 12
02M316,The Urban Assembly School of Business for Young Women,40.70568,-74.013302,9 to 12
11X455,Harry S Truman High School,40.874091,-73.833904,9 to 12
09X543,High School for Violin and Dance,40.827642,-73.904473,9 to 12
11X265,Bronx Lab School,40.875953,-73.86197,9 to 12
32K403,Academy for Excellence in Leadership,40.697185,-73.91117,9 to 12
02M475,Stuyvesant High School,40.7177,-74.01399,9 to 12
05M499,Frederick Douglass Academy,40.824319,-73.93712,6 to 12
18K637,Academy for Conservation and the Environment,40.633285,-73.916735,9 to 12
13K605,George Westinghouse Career and Technical Education High School,40.694926,-73.986015,9 to 12
31R455,Tottenville High School,40.528092,-74.192032,9 to 12
23K514,Frederick Douglass Academy VII High School,40.665878,-73.911705,9 to 12
09X412,Bronx High School of Business,40.840422,-73.91091,9 to 12
07X548,Careers in Sports High School,40.82231,-73.923829,9 to 12
19K502,FDNY - Captain Vernon A. Richard High School for Fire and Life Safety,40.667456,-73.894747,9 to 12
02M543,New Design High School,40.717349,-73.989596,9 to 12
21K690,Brooklyn Studio Secondary School,40.604879,-73.994404,6 to 12
03M494,High School of Arts and Technology,40.774351,-73.984753,9 to 12
17K382,Academy for College Preparation and Career Exploration: A College Board School,40.649787,-73.95855,6 to 12
02M411,Baruch College Campus High School,40.74193,-73.986521,9 to 12
12X684,Wings Academy,40.841794,-73.875366,9 to 12
10X243,West Bronx Academy for the Future,40.860043,-73.888267,6 to 12
10X442,"Celia Cruz Bronx High School of Music, The",40.870293,-73.898309,9 to 12
22K555,Brooklyn College Academy,40.649404,-73.971736,9 to 12
28Q310,Queens Collegiate: A College Board School,40.713218,-73.797237,6 to 12
12X479,Bronx Career and College Preparatory High School,40.827743,-73.900105,9 to 12
15K656,Brooklyn High School of the Arts,40.683559,-73.98027,9 to 12
06M552,Gregorio Luperon High School for Science and Mathematics,40.838167,-73.938642,9 to 12
14K558,Williamsburg High School for Architecture and Design,40.715073,-73.954754,9 to 12
08X269,Bronx Studio School for Writers and Artists,40.820579,-73.893128,6 to 12
25Q281,East-West School of International Studies,40.749545,-73.822073,6 to 12
04M495,Park East High School,40.790543,-73.944356,9 to 12
25Q670,Robert F. Kennedy Community High School,40.725603,-73.810697,9 to 12
09X329,Dreamyard Preparatory School,40.840422,-73.91091,9 to 12
29Q492,"Mathematics, Science Research and Technology Magnet High School",40.697819,-73.745728,9 to 12
18K576,Victory Collegiate High School,40.633285,-73.916735,9 to 12
02M551,Urban Assembly New York Harbor School,40.701695,-74.011631,9 to 12
13K430,Brooklyn Technical High School,40.688834,-73.976905,9 to 12
19K583,Multicultural High School,40.691146,-73.868328,9 to 12
08X452,Gotham Collaborative High School,40.82229,-73.856167,9 to 12
29Q327,Eagle Academy for Young Men III,40.691712,-73.778923,6 to 12
05M157,The Urban Assembly School for Global Commerce,40.807383,-73.939433,9 to 12
08X530,Longwood Preparatory Academy,40.817512,-73.898212,9 to 12
31R064,Gaynor McCown Expeditionary Learning School,40.581315,-74.158589,9 to 12
07X527,Bronx Leadership Academy II High School,40.82231,-73.923829,9 to 12
14K685,El Puente Academy for Peace and Justice,40.705898,-73.955611,9 to 12
01M448,University Neighborhood High School,40.712399,-73.984497,9 to 12
17K531,The School for Human Rights,40.658893,-73.942458,9 to 12
21K540,John Dewey High School,40.589268,-73.981738,9 to 12
03M417,Frank McCourt High School,40.785803,-73.974614,9 to 12
12X251,Explorations Academy H.S.,40.8359,-73.890458,9 to 12
21K344,Rachel Carson High School for Coastal Studies,40.582533,-73.973132,9 to 12
19K510,World Academy for Total Community Health High School (WATCH),40.667456,-73.894747,9 to 12
14K454,The Williamsburg High School of Art and Technology,40.709941,-73.943641,9 to 12
02M047,47 The American Sign Language and English Secondary School,40.738548,-73.982455,9 to 12
15K463,Cyberarts Studio Academy,40.669629,-73.979287,9 to 12
02M546,Academy for Software Engineering (AFSE),40.735494,-73.987659,9 to 12
28Q440,Forest Hills High School,40.729402,-73.845637,9 to 12
17K547,Brooklyn Academy of Science and the Environment (BASE),40.670349,-73.961695,9 to 12
04M555,Central Park East High School,40.793763,-73.949381,9 to 12
11X542,Pelham Preparatory Academy,40.859665,-73.861006,9 to 12
28Q505,Hillcrest High School,40.709446,-73.80166,9 to 12
13K419,"Science Skills Center High School for Science, Technology and the Creative Arts",40.697339,-73.985016,9 to 12
27Q323,Scholars' Academy,40.584109,-73.825711,6 to 12
06M463,High School for Media and Communications,40.855855,-73.92712,9 to 12
24Q299,Bard High School Early College Queens,40.745095,-73.936635,9 to 12
20K485,High School of Telecommunication Arts and Technology,40.637282,-74.023849,9 to 12
17K122,Pathways in Technology Early College High School (P-TECH),40.675612,-73.938843,9 to 14
25Q285,World Journalism Preparatory: A College Board School,40.765133,-73.790083,6 to 12
02M408,Professional Performing Arts High School (PPAS),40.761448,-73.988019,6 to 12
02M425,Leadership and Public Service High School,40.70873,-74.012332,9 to 12
10X141,Riverdale / Kingsbridge Academy (Middle School / High School 141) (RKA),40.888338,-73.913486,6 to 12
29Q272,George Washington Carver High School for the Sciences,40.668235,-73.756839,9 to 12
19K659,Cypress Hills Collegiate Preparatory School,40.691146,-73.868328,9 to 12
03M307,The Urban Assembly School for Media Studies,40.774351,-73.984753,9 to 12
32K552,The Academy of Urban Planning and Engineering,40.697185,-73.91117,9 to 12
11X288,Collegiate Institute for Math and Science (CIMS),40.859665,-73.861006,9 to 12
30Q575,Academy of American Studies,40.751331,-73.937434,9 to 12
17K751,Academy for Health Careers,40.675612,-73.938843,9 to 12
02M374,Gramercy Arts High School,40.735494,-73.987659,9 to 12
09X227,Bronx Collegiate Academy,40.840422,-73.91091,9 to 12
10X264,Bronx Academy for Software Engineering (BASE),40.855698,-73.882715,9 to 12 - This school is expanding to serve grades 9 to 14 in the 2023-2024 school year.
02M416,Eleanor Roosevelt High School,40.770187,-73.953608,9 to 12
05M369,Urban Assembly School for the Performing Arts,40.815256,-73.955325,9 to 12
13K670,Benjamin Banneker Academy,40.695332,-73.969243,9 to 12
15K592,Khalil Gibran International Academy,40.686499,-73.979649,9 to 12
11X508,Bronxdale High School,40.859665,-73.861006,9 to 12
27Q262,Channel View School for Research,40.586066,-73.822624,6 to 12
02M615,Chelsea Career and Technical Education High School,40.7244,-74.004625,9 to 12
06M293,City College Academy of the Arts,40.86079,-73.930672,6 to 12
24Q236,International High School for Health Sciences,40.741122,-73.874721,9 to 12
23K493,Brooklyn Collegiate: A College Board School,40.674103,-73.913273,9 to 12
18K642,Urban Action Academy,40.641474,-73.898254,9 to 12
13K499,ACORN Community High School,40.678488,-73.962105,9 to 12
09X525,Bronx Leadership Academy High School,40.843588,-73.903236,9 to 12
30Q450,Long Island City High School,40.765826,-73.9328,9 to 12
02M260,The Clinton School,40.736518,-73.992725,6 to 12
29Q243,Institute for Health Professions at Cambria Heights,40.697819,-73.745728,9 to 12
02M531,Repertory Company High School for Theatre Arts,40.755843,-73.984382,9 to 12
26Q430,Francis Lewis High School,40.740724,-73.79283,9 to 12
10X351,Bronx Collaborative High School,40.882178,-73.88691,9 to 12
32K168,The Brooklyn School for Math and Research,40.697185,-73.91117,9 to 12
07X259,"H.E.R.O. High (Health, Education, and Research Occupations High School)",40.810803,-73.907015,9 to 14
23K697,Teachers Preparatory High School,40.665878,-73.911705,9 to 12
16K455,Boys and Girls High School,40.67944,-73.932407,9 to 12
08X312,Millennium Art Academy,40.82229,-73.856167,9 to 12
13K527,Urban Assembly Institute of Math and Science for Young Women,40.694682,-73.988853,6 to 12
24Q550,High School for Arts and Business,40.737427,-73.853178,9 to 12
03M492,"High School for Law, Advocacy and Community Justice",40.774351,-73.984753,9 to 12
11X290,Bronx Academy of Health Careers,40.875953,-73.86197,9 to 12
12X511,Bronx Envision Academy,40.8359,-73.890458,9 to 12
06M211,Inwood Early College for Health and Information Technologies,40.866053,-73.924835,9 to 14
29Q283,Preparatory Academy for Writers: A College Board School,40.668235,-73.756839,6 to 12
10X433,High School for Teaching and the Professions,40.870293,-73.898309,9 to 12
02M294,Essex Street Academy,40.717349,-73.989596,9 to 12
08X376,Antonia Pantoja Preparatory Academy: A College Board School,40.82229,-73.856167,6 to 12
02M437,Hudson High School of Learning Technologies,40.742867,-74.002136,9 to 12
27Q475,Richmond Hill High School,40.695888,-73.833681,9 to 12
08X558,Westchester Square Academy,40.840702,-73.838545,9 to 12
03M415,Wadleigh Secondary School for the Performing & Visual Arts,40.802207,-73.954142,6 to 12
19K639,Brooklyn Lab School,40.691146,-73.868328,9 to 12
08X367,"Archimedes Academy for Math, Science and Technology Applications",40.814833,-73.85658,6 to 12
24Q610,Aviation Career & Technical Education High School,40.743509,-73.929076,9 to 12
14K488,Brooklyn Preparatory High School,40.715073,-73.954754,9 to 12
06M540,A. Philip Randolph Campus High School,40.818188,-73.950356,9 to 12
15K423,Brooklyn Frontiers High School,40.690145,-73.989132,9 to 12
01M450,East Side Community School,40.729589,-73.982555,6 to 12
17K537,High School for Youth and Community Development at Erasmus,40.649787,-73.95855,9 to 12
27Q260,Frederick Douglass Academy VI High School,40.60201,-73.762795,9 to 12
12X248,"Metropolitan High School, The",40.827315,-73.897612,9 to 12
21K525,Edward R. Murrow High School,40.620525,-73.959285,9 to 12
29Q498,Humanities & Arts Magnet High School,40.697819,-73.745728,9 to 12
19K660,W. H. Maxwell Career and Technical Education High School,40.674135,-73.89643,9 to 12
31R080,The Michael J. Petrides School,40.608512,-74.102067,K to 12
32K554,All City Leadership Secondary School,40.69737,-73.913171,6 to 12
10X268,Kingsbridge International High School,40.870293,-73.898309,9 to 12
02M414,N.Y.C. Museum School,40.742129,-74.002198,9 to 12
02M418,Millennium High School,40.704541,-74.011552,9 to 12
09X350,New Directions Secondary School,40.840422,-73.91091,6 to 12
17K528,The High School for Global Citizenship,40.670349,-73.961695,9 to 12
02M459,Manhattan International High School,40.765359,-73.960059,9 to 12
10X213,Bronx Engineering and Technology Academy,40.877105,-73.912256,9 to 12
18K569,Kurt Hahn Expeditionary Learning School,40.648657,-73.922171,9 to 12
02M605,Humanities Preparatory Academy,40.742867,-74.002136,9 to 12
10X445,The Bronx High School of Science,40.87759,-73.89104,9 to 12
02M303,The Facing History School,40.76525,-73.993105,9 to 12
09X365,Academy for Language and Technology,40.849532,-73.916077,9 to 12
28Q284,York Early College Academy,40.69719,-73.787192,6 to 12
10X438,Fordham Leadership Academy,40.860043,-73.888267,9 to 12
32K549,The Brooklyn School for Social Justice,40.697185,-73.91117,9 to 12
11X275,High School of Computers and Technology,40.875953,-73.86197,9 to 12
30Q445,William Cullen Bryant High School,40.75823,-73.910514,9 to 12
02M376,NYC iSchool,40.7244,-74.004625,9 to 12
02M449,Vanguard High School,40.765359,-73.960059,9 to 12
19K404,Academy for Young Writers,40.657434,-73.874734,6 to 12
19K507,Performing Arts and Technology High School,40.667456,-73.894747,9 to 12
02M545,High School for Dual Language and Asian Studies,40.717349,-73.989596,9 to 12
07X551,The Urban Assembly Bronx Academy of Letters,40.813641,-73.925313,6 to 12
18K617,High School for Innovation in Advertising and Media,40.641474,-73.898254,9 to 12
12X242,Mott Hall V,40.831416,-73.877785,6 to 12
16K765,Nelson Mandela High School,40.67944,-73.932407,9 to 12
02M407,Institute for Collaborative Education (ICE),40.732447,-73.983031,6 to 12
31R440,New Dorp High School,40.569393,-74.107737,9 to 12
03M402,The Urban Assembly School for Green Careers,40.785803,-73.974614,9 to 12
29Q265,Excelsior Preparatory High School,40.668235,-73.756839,9 to 12
02M288,Food and Finance High School,40.76525,-73.993105,9 to 12
28Q620,Thomas A. Edison Career and Technical Education High School,40.715389,-73.800369,9 to 12
02M533,Union Square Academy for Health Sciences,40.735494,-73.987659,9 to 12
21K559,Life Academy High School for Film and Music,40.594291,-73.98577,9 to 12
09X297,Morris Academy for Collaborative Studies,40.827642,-73.904473,9 to 12
02M507,Urban Assembly Gateway School for Technology,40.76337,-73.9906,9 to 12
24Q455,Newtown High School,40.741122,-73.874721,9 to 12
14K478,"The High School for Enterprise, Business and Technology",40.712184,-73.939722,9 to 12
10X477,Marble Hill High School for International Studies,40.877105,-73.912256,9 to 12
25Q425,John Bowne High School,40.738139,-73.824944,9 to 12
04M610,Young Women's Leadership School (TYWLS),40.792741,-73.947428,6 to 12
09X568,Young Women's Leadership School of the Bronx (TYWLS),40.848547,-73.908416,6 to 12
11X249,Bronx Health Sciences High School,40.874091,-73.833904,9 to 12
30Q555,Newcomers High School,40.751356,-73.937445,9 to 12
10X374,Knowledge and Power Preparatory Academy International High School (KAPPA),40.860043,-73.888267,9 to 12
07X495,University Heights Secondary School,40.81825,-73.91103,9 to 12
13K412,Brooklyn Community Arts & Media High School (BCAM),40.692642,-73.958794,9 to 12
17K745,Brooklyn Institute for Liberal Arts (BILA),40.658893,-73.942458,9 to 12
31R605,Staten Island Technical High School,40.567873,-74.115373,9 to 12
03M860,Frederick Douglass Academy II Secondary School,40.802207,-73.954142,6 to 12
28Q325,Hillside Arts & Letters Academy,40.713218,-73.797237,9 to 12
13K674,"City Polytechnic High School of Engineering, Architecture, and Technology",40.694926,-73.986015,9 to 14
27Q302,"Queens High School for Information, Research, and Technology",40.60201,-73.762795,9 to 12
03M485,Fiorello H. LaGuardia High School of Music & Art and Performing Arts,40.773629,-73.985273,9 to 12
02M135,The Urban Assembly School for Emergency Management,40.711442,-74.000851,9 to 12
15K429,Digital Arts and Cinema Technology High School,40.685419,-73.993351,9 to 12
22K405,Midwood High School,40.633237,-73.952929,9 to 12
02M427,Manhattan Academy for Arts & Language,40.746176,-73.981241,9 to 12
06M346,Community Health Academy of the Heights,40.833687,-73.942072,6 to 12
20K490,Fort Hamilton High School,40.627898,-74.039985,9 to 12
17K548,Brooklyn School for Music & Theatre,40.670349,-73.961695,9 to 12
12X271,East Bronx Academy for the Future,40.836356,-73.888361,6 to 12
28Q896,"Young Women's Leadership School, Queens (TYWLS)",40.707527,-73.806412,6 to 12
25Q241,Queens High School for Language Studies,40.765166,-73.82789,9 to 12
27Q324,Rockaway Park High School for Environmental Sustainability,40.586066,-73.822624,9 to 12
06M467,High School for Law and Public Service,40.855855,-73.92712,9 to 12
09X250,Eximius College Preparatory Academy: A College Board School,40.833665,-73.902499,9 to 12
12X521,The Metropolitan Soundview High School,40.831601,-73.878912,9 to 12
05M362,Columbia Secondary School,40.810431,-73.955809,6 to 12
02M630,Art and Design High School,40.75924,-73.967203,9 to 12
14K586,Lyons Community School,40.709941,-73.943641,6 to 12
15K519,Cobble Hill School of American Studies,40.684524,-73.990993,9 to 12
09X517,Frederick Douglass Academy III Secondary School,40.833511,-73.90449,9 to 12
11X509,High School of Language and Innovation,40.859665,-73.861006,9 to 12
07X223,The Laboratory School of Finance and Technology,40.813983,-73.920782,6 to 12
24Q264,Academy of Finance and Enterprise,40.745095,-73.936635,9 to 12
08X405,Herbert H. Lehman High School,40.840702,-73.838545,9 to 12
30Q258,Energy Tech High School,40.757065,-73.932664,9 to 14
18K567,Brooklyn Theatre Arts High School,40.633285,-73.916735,9 to 12
13K483,The Urban Assembly School for Law and Justice,40.694682,-73.988853,9 to 12
29Q313,Benjamin Franklin High School for Finance & Information Technology,40.697819,-73.745728,9 to 12
21K337,International High School at Lafayette,40.594291,-73.98577,9 to 12
08X559,School for Tourism and Hospitality,40.821675,-73.903546,9 to 12
19K683,School for Classics High School,40.670724,-73.874208,9 to 12
13K594,Gotham Professional Arts Academy,40.678488,-73.962105,9 to 12
01M509,Marta Valle High School,40.720581,-73.985645,9 to 12
17K539,High School for Service & Learning at Erasmus,40.649787,-73.95855,9 to 12
14K610,A-TECH High School,40.721981,-73.953281,9 to 12
03M859,Special Music School,40.774351,-73.984753,K to 12
10X284,Bronx School of Law and Finance,40.877105,-73.912256,9 to 12
02M419,Landmark High School,40.742867,-74.002136,9 to 12
32K556,Bushwick Leaders High School for Academic Excellence,40.695056,-73.92814,9 to 12
10X225,Theatre Arts Production Company School,40.854515,-73.896703,6 to 12
28Q167,Metropolitan Expeditionary Learning School,40.711367,-73.856698,6 to 12
15K684,Millennium Brooklyn High School,40.669629,-73.979287,9 to 12
12X388,Pan American International High School at Monroe,40.831601,-73.878912,9 to 12
07X473,Mott Haven Village Preparatory High School,40.81825,-73.91103,9 to 12
24Q600,Queens Technical High School,40.742205,-73.928219,9 to 12
08X293,Renaissance High School for Musical Theater and the Arts,40.840702,-73.838545,9 to 12
26Q415,Benjamin N. Cardozo High School,40.752333,-73.75599,9 to 12
11X299,Astor Collegiate Academy,40.859665,-73.861006,9 to 12
09X324,Bronx Early College Academy for Teaching & Learning,40.828696,-73.917668,6 to 12
02M500,Unity Center for Urban Technologies,40.746176,-73.981241,9 to 12
02M600,The High School of Fashion Industries,40.745156,-73.996074,9 to 12
19K618,Academy of Innovative Technology,40.691146,-73.868328,9 to 12
02M305,The Urban Assembly Academy of Government and Law,40.717349,-73.989596,9 to 12
18K629,Cultural Academy for the Arts and Sciences,40.648657,-73.922171,9 to 12
09X403,Bronx International High School,40.827642,-73.904473,9 to 12
31R445,Port Richmond High School,40.634573,-74.141818,9 to 12
05M692,"High School for Math, Science and Engineering at City College (HSMSE)",40.82074,-73.949097,9 to 12
31R028,The Eagle Academy for Young Men of Staten Island,40.624263,-74.082667,6 to 12
17K524,International High School at Prospect Heights,40.670349,-73.961695,9 to 12
21K468,Kingsborough Early College School,40.594291,-73.98577,6 to 12
02M519,Talent Unlimited High School,40.765359,-73.960059,9 to 12
02M655,Life Sciences Secondary School,40.783625,-73.945637,9 to 12
11X513,New World High School,40.887831,-73.852694,9 to 12
10X439,Bronx High School for Law and Community Service,40.860043,-73.888267,9 to 12
10X524,Crotona International High School,40.855698,-73.882715,9 to 12
24Q267,High School of Applied Communication,40.745095,-73.936635,9 to 12
02M300,The Urban Assembly School of Design and Construction,40.76525,-73.993105,9 to 12
27Q400,August Martin High School,40.675633,-73.783342,9 to 12
08X349,Bronx River High School,40.840702,-73.838545,9 to 12
24Q530,International High School at LaGuardia Community College,40.744412,-73.93364,9 to 12
26Q566,"Queens High School of Teaching, Liberal Arts and the Sciences",40.746088,-73.727535,9 to 12
02M413,School of the Future High School,40.738952,-73.985479,6 to 12
24Q485,Grover Cleveland High School,40.711033,-73.908814,9 to 12
09X505,"Bronx School for Law, Government and Justice",40.827607,-73.918681,6 to 12
02M282,Urban Assembly Maker Academy,40.711442,-74.000851,9 to 12
03M403,The Global Learning Collaborative,40.785803,-73.974614,9 to 12
10X437,Fordham High School for the Arts,40.860043,-73.888267,9 to 12
28Q690,High School for Law Enforcement and Public Safety,40.686208,-73.784144,9 to 12
21K572,Leaders High School,40.594291,-73.98577,9 to 12
09X263,Validus Preparatory Academy,40.839244,-73.901316,9 to 12
02M439,Manhattan Village Academy,40.741497,-73.991512,9 to 12
15K497,The Boerum Hill School for International Studies,40.685419,-73.993351,6 to 12
14K071,Juan Morel Campos Secondary School,40.703624,-73.953146,6 to 12
06M348,Washington Heights Expeditionary Learning School (WHEELS),40.848908,-73.930948,K to 12
27Q308,Robert H. Goddard High School of Communication Arts and Technology,40.67124,-73.845141,9 to 12
04M680,"Heritage School, The",40.791881,-73.946558,9 to 12
11X545,Bronx Aerospace High School,40.875953,-73.86197,9 to 12
13K350,Urban Assembly School for Music and Art,40.697339,-73.985016,9 to 12
06M468,High School for Health Careers and Sciences,40.855855,-73.92712,9 to 12
27Q334,Epic High School - North,40.693006,-73.829407,9 to 12
22K425,James Madison High School,40.609912,-73.948512,9 to 12
02M432,Murray Hill Academy,40.746176,-73.981241,9 to 12
20K505,Franklin Delano Roosevelt High School,40.620446,-73.981795,9 to 12
09X404,School for Excellence,40.827642,-73.904473,9 to 12
02M400,High School for Environmental Studies,40.767791,-73.987531,9 to 12
16K688,The Brooklyn Academy of Global Finance,40.691274,-73.933697,9 to 12
09X564,Claremont International High School,40.840422,-73.91091,9 to 12
25Q460,Flushing High School,40.765166,-73.82789,9 to 12
29Q259,Pathways College Preparatory School: A College Board School,40.70646,-73.753579,6 to 12
10X696,High School of American Studies at Lehman College,40.873938,-73.895382,9 to 12
02M534,Harvest Collegiate High School,40.736518,-73.994858,9 to 12
07X500,Hostos-Lincoln Academy of Science,40.815498,-73.91224,6 to 12
30Q301,Academy for Careers in Television and Film (ACTV),40.742956,-73.959196,9 to 12 - This school is expanding to serve grades 9 to 14 in the 2023-2024 school year.
10X368,In-Tech Academy (M.S. / High School 368),40.879368,-73.909896,6 to 12
09X241,The Urban Assembly School for Applied Math and Science,40.839244,-73.901316,6 to 12
31R600,Ralph R. McKee Career and Technical Education High School,40.642793,-74.07873,9 to 12
02M392,Manhattan Business Academy,40.742867,-74.002136,9 to 12
02M139,Stephen T. Mather Building Arts & Craftsmanship High School,40.76337,-73.9906,9 to 12
03M479,Beacon High School,40.761452,-73.995802,9 to 12
19K504,High School for Civil Rights,40.667456,-73.894747,9 to 12
07X600,Alfred E. Smith Career and Technical Education High School,40.818232,-73.919867,9 to 12
28Q328,High School for Community Leadership,40.713218,-73.797237,9 to 12
14K477,East Williamsburg Scholars Academy,40.712184,-73.939722,9 to 12
15K448,Brooklyn Collaborative Studies,40.68007,-74.001377,6 to 12
12X267,Bronx Latin,40.827743,-73.900105,6 to 12
17K590,Medgar Evers College Preparatory School,40.667195,-73.951167,6 to 12
28Q680,Queens Gateway to Health Sciences Secondary School,40.718831,-73.806499,6 to 12
25Q252,"Queens School of Inquiry, The",40.724458,-73.810216,6 to 12
04M372,Esperanza Preparatory Academy,40.79307,-73.942303,6 to 12
12X550,High School of World Cultures,40.831601,-73.878912,9 to 12
19K409,East New York Family Academy,40.674135,-73.89643,6 to 12
19K764,The Urban Assembly School for Collaborative Healthcare,40.691146,-73.868328,9 to 12
21K620,William E. Grady Career and Technical Education High School,40.582585,-73.963477,9 to 12
31R047,CSI High School for International Studies,40.581315,-74.158589,9 to 12
02M420,High School for Health Professions and Human Services,40.732447,-73.983031,9 to 12
10X342,International School for Liberal Arts,40.870293,-73.898309,6 to 12
17K408,Academy of Hospitality and Tourism,40.649787,-73.95855,9 to 12
09X327,Comprehensive Model School Project M.S. 327,40.842495,-73.916082,6 to 12
02M412,N.Y.C. Lab School for Collaborative Studies,40.742129,-74.002198,9 to 12
02M520,Murry Bergtraum High School for Business Careers,40.711442,-74.000851,9 to 12
30Q502,Information Technology High School,40.748701,-73.94638,9 to 12
11X270,Academy for Scholarship and Entrepreneurship: A College Board School,40.887831,-73.852694,9 to 12
10X546,Bronx Theatre High School,40.877105,-73.912256,9 to 12
02M308,Lower Manhattan Arts Academy,40.717349,-73.989596,9 to 12
32K545,EBC High School for Public Service - Bushwick,40.694507,-73.929107,9 to 12
17K600,Clara Barton High School,40.669567,-73.961962,9 to 12
27Q650,"High School for Construction Trades, Engineering and Architecture",40.689591,-73.840717,9 to 12
20K609,Urban Assembly School for Criminal Justice,40.634875,-73.981528,6 to 12
12X478,The Cinema School,40.831416,-73.877785,9 to 12
23K644,Eagle Academy for Young Men II,40.677805,-73.915843,6 to 12
07X221,South Bronx Preparatory: A College Board School,40.813983,-73.920782,6 to 12
14K561,Williamsburg Preparatory School,40.715073,-73.954754,9 to 12
14K614,Young Women's Leadership School of Brooklyn (TYWLS),40.705204,-73.939407,6 to 12
01M539,"New Explorations into Science, Technology and Math High School (NEST+m)",40.718895,-73.979308,K to 12
19K615,Transit Tech Career and Technical Education High School,40.678276,-73.87596,9 to 12
08X348,Schuylerville Preparatory High School,40.840702,-73.838545,9 to 12
08X561,Bronx Compass High School,40.82229,-73.856167,9 to 12
24Q585,Maspeth High School,40.729939,-73.887482,9 to 12
17K543,"Science, Technology and Research Early College High School at Erasmus (STAR)",40.649787,-73.95855,6 to 12
26Q495,Bayside High School,40.771755,-73.780296,9 to 12
03M541,Manhattan / Hunter Science High School,40.774351,-73.984753,9 to 12
11X418,Bronx High School for the Visual Arts,40.851405,-73.865036,9 to 12
30Q286,"Young Women's Leadership School, Astoria (TYWLS)",40.771215,-73.924591,6 to 12
05M670,Thurgood Marshall Academy for Learning and Social Change,40.815449,-73.944061,6 to 12
18K633,High School for Medical Professions,40.641474,-73.898254,9 to 12
02M489,High School of Economics and Finance,40.709196,-74.012022,9 to 12
31R450,Curtis High School,40.644735,-74.081222,9 to 12
29Q326,Cambria Heights Academy,40.711849,-73.771195,9 to 12
24Q293,Civic Leadership Academy,40.74373,-73.870642,9 to 12
08X432,Bronx Bridges High School,40.82229,-73.856167,9 to 12
02M298,Pace High School,40.716553,-73.993092,9 to 12
10X237,"The Marie Curie School for Medicine, Nursing, and Health Professions",40.875916,-73.90111,9 to 12
11X514,The Bronxwood Preparatory Academy,40.887831,-73.852694,9 to 12
03M291,West End Secondary School,40.772007,-73.987479,6 to 11 - This school is expanding to serve grades 6 to 12.
02M580,Richard R. Green High School of Teaching,40.705024,-74.012977,9 to 12
10X440,DeWitt Clinton High School,40.882178,-73.88691,9 to 12
18K566,Brooklyn Community High School for Excellence and Equity,40.633285,-73.916735,9 to 12
27Q351,Rockaway Collegiate High School,40.586066,-73.822624,9 to 12
05M304,Mott Hall High School,40.817372,-73.947712,9 to 12
07X427,Community School for Social Justice,40.815938,-73.930386,9 to 12
15K667,Sunset Park High School,40.65571,-74.005197,9 to 12
13K595,Bedford Academy High School,40.68538,-73.954302,9 to 12
22K611,Origins High School,40.594124,-73.937696,9 to 12
24Q520,Middle College High School at LaGuardia Community College,40.744412,-73.93364,9 to 12
08X282,Women's Academy of Excellence,40.814833,-73.85658,9 to 12
26Q315,Business Technology Early College High School (BTECH),40.733066,-73.738756,9 to 14
04M435,Manhattan Center for Science and Mathematics,40.793856,-73.934028,9 to 12
21K410,Abraham Lincoln High School,40.581681,-73.967308,9 to 12
12X682,Fannie Lou Hamer Freedom High School,40.83087,-73.88626,9 to 12
13K439,Brooklyn International High School,40.697339,-73.985016,9 to 12
27Q309,Academy of Medical Technology: A College Board School,40.60201,-73.762795,6 to 12
14K449,The Brooklyn Latin School,40.709941,-73.943641,9 to 12
06M423,High School for Excellence and Innovation,40.866053,-73.924835,9 to 12
